{
  "nR": 3,
  "x": [
    260.3575995623106,
    400,
    301.2579117093425
  ],
  "y": [
    124.80793822585954,
    124.80793822585954,
    200
  ],
  "xlen": [
    139.64240043768942,
    139.64240043768942,
    197.48417658131498
  ],
  "ylen": [
    75.19206177414046,
    75.19206177414046,
    106.337633543785
  ],
  "nD": 3,
  "xD": [
    330.1787997811553,
    469.8212002188447,
    400
  ],
  "yD": [
    170,
    170,
    276.337633543785
  ],
  "posD": [
    "v",
    "v",
    "v"
  ],
  "phase": [
    0,
    0,
    0
  ]
}