{
  "nR": 2,
  "x": [
    198.7893782979778,
    400
  ],
  "y": [
    145.82790954176326,
    145.82790954176326
  ],
  "xlen": [
    201.2106217020222,
    201.2106217020222
  ],
  "ylen": [
    108.34418091647349,
    108.34418091647349
  ],
  "nD": 2,
  "xD": [
    299.3946891489889,
    500.6053108510111
  ],
  "yD": [
    224.17209045823677,
    224.17209045823677
  ],
  "posD": [
    "v",
    "v"
  ],
  "phase": [
    2,
    0,
    0
  ]
}